red_1,red_0,Episode Length,Solved
0.95,0.98775,16,True
1.8499999999999999,0.98775,16,True
1.8499999999999999,0.98775,16,True
1.8499999999999999,0.98775,16,True
1.8499999999999999,0.98775,16,True
1.8499999999999999,0.98775,16,True
2.75,0.98634375,18,True
1.8499999999999999,0.98775,16,True
0.43699999999999994,4.451999999999995,1280,False
1.8499999999999999,0.98775,16,True
