red_0,red_1,Episode Length,Solved
2.2110000000000003,0.498,46,True
3.1980000000000004,-0.008,300,False
1.3470000000000004,0.499,300,False
2.2610000000000046,-0.003,300,False
3.480000000000003,-0.001,232,True
1.419,1.8,27,True
4.0669999999999895,32.390999999999984,300,False
0.7869999999999999,17.996999999999982,300,False
0.427,0.495,300,False
0.896,0.498,300,False
