red_1,red_0,Episode Length,Solved Ratio
1.7086999999999999,1.3340343749999994,142.6,0.9
