red_1,red_0,Episode Length,Solved
2.75,0.98534375,18,True
1.8499999999999999,0.98775,16,True
1.8499999999999999,0.98775,16,True
1.8499999999999999,0.98775,16,True
2.3,0.986046875,17,True
1.8499999999999999,0.98775,16,True
0.484,18.639187499999974,1092,True
1.4,0.98775,16,True
1.8499999999999999,0.98775,16,True
0.494,121.15912500000044,1240,True
