red_0,red_1,Episode Length,Solved
0.987046875,2.3,17,True
0.987046875,2.3,17,True
0.987046875,2.3,17,True
0.987046875,2.3,17,True
0.987046875,2.3,17,True
0.987046875,2.3,17,True
0.987046875,2.3,17,True
0.987046875,2.3,17,True
0.987046875,2.3,17,True
0.987046875,2.3,17,True
