red_0,red_1,Episode Length,Solved
8.529000000000009,0.499,1280,False
0.987046875,2.3,17,True
0.987046875,2.3,17,True
0.987046875,2.3,17,True
0.987046875,2.3,17,True
0.987046875,2.3,17,True
0.987046875,2.3,17,True
0.987046875,2.3,17,True
0.987046875,2.3,17,True
0.987046875,2.3,17,True
