red_1,red_0,Episode Length,Solved Ratio
1.6677999999999997,14.769620312500042,246.3,1.0
