red_1,red_0,Episode Length,Solved
1.50869323781617,-0.016000000000000007,300,False
1.6830500000000002,0.807,64,True
1.50869323781617,-0.017000000000000008,300,False
1.50869323781617,1.434,22,True
1.50869323781617,1.4220000000000002,26,True
1.4909346144425923,1.409,30,True
1.1830500000000002,1.458,14,True
0.497,0.832,300,False
1.50869323781617,1.272,76,True
1.4586932378161754,0.487,300,False
