red_0,red_1,Episode Length,Solved
0.915,1.8972836050000004,28,True
1.4206925427729515,-0.006,300,False
0.948,1.8982836050000003,17,True
0.449,0.497,300,False
0.948,1.8982836050000003,17,True
1.096,1.50869323781617,133,True
1.209,0.477,79,True
0.948,1.8982836050000003,17,True
1.4879346144425922,-0.004,300,False
0.2079999999999998,0.5,300,False
