red_0,red_1,Episode Length,Solved Ratio
0.9629627157215545,1.0564827657816172,149.1,0.6
