red_0,red_1,Episode Length,Solved Ratio
1.1294506973387701,0.9314576564353605,162.0,0.56
