red,Episode Length,Solved
2.973356489442592,25,True
2.990818237815204,24,True
2.9761689894425922,21,True
2.991931158544055,23,True
2.88351798,21,True
2.9761689894425922,21,True
2.990818237815204,24,True
2.9925206677729417,23,True
2.987415533544055,28,True
2.9761689894425922,21,True
